服务,类型,名称,所属子资源名称,operationID1,operationID2,operationID3,operationID4,operationID5,operationID6
AOM,Actions,AddAlarmRule,aom-alarm,AddOrUpdateMetricOrEventAlarmRuleRequest,BuildAddRequest,,,,
AOM,Filters,AlarmRuleFilter,aom-alarm,,,,,,
AOM,Actions,DeleteAlarmRule,aom-alarm,DeleteMetricOrEventAlarmRuleRequest,,,,,
AOM,Actions,UpdateAlarmRule,aom-alarm,AddOrUpdateMetricOrEventAlarmRuleRequest,BuildUpdateRequest,,,,
AOM,Resources,aom-alarm,aom-alarm,ListMetricOrEventAlarmRuleRequest,,,,,
APIG,Actions,DeleteApiAction,apig-api,DeleteApiV2Request,,,,,
APIG,Actions,DeleteStageAction,apig-stage,DeleteEnvironmentV2Request,,,,,
APIG,Actions,UpdateApiAction,apig-api,UpdateApiV2Request,,,,,
APIG,Actions,UpdateDomainSecurityAction,apig-api-groups,UpdateDomainV2Request,,,,,
APIG,Actions,UpdateStageAction,apig-stage,UpdateEnvironmentV2Request,,,,,
APIG,Resources,apig-api,apig-api,ListInstancesV2Request,ListApisV2Request,,,,
APIG,Resources,apig-api-groups,apig-api-groups,ListInstancesV2Request,ListApiGroupsV2Request,,,,
APIG,Resources,apig-stage,apig-stage,ListInstancesV2Request,ListEnvironmentsV2Request,,,,
AUTOTAG,Actions,AutoTagUser,,,,,,,
AntiDDoS,Actions,EipEnableAntiDDoS,antiddos-eip,UpdateDDosRequest,,,,,
AntiDDoS,Resources,antiddos-eip,antiddos-eip,ListDDosStatusRequest,,,,,
BASE,Actions,HuaweiCloudBaseAction,,,,,,,
BMS,Actions,BmsFetchJobStatus,bms,ShowJobInfosRequest,,,,,
BMS,Filters,BmsImageAgeFilter,bms,,,,,,
BMS,Filters,BmsInstanceAgeFilter,bms,,,,,,
BMS,Filters,BmsInstanceAttributeFilter,bms,,,,,,
BMS,Filters,BmsInstanceEphemeralFilter,bms,,,,,,
BMS,Filters,BmsInstanceEvs,bms,ShowBaremetalServerVolumeInfoRequest,,,,,
BMS,Filters,BmsInstanceImageFilter,bms,,,,,,
BMS,Filters,BmsInstanceUptimeFilter,bms,,,,,,
BMS,Filters,BmsInstanceUserData,bms,ListBareMetalServerDetailsRequest,,,,,
BMS,Filters,BmsInstanceVpc,bms,,,,,,
BMS,Actions,BmsReboot,bms,BatchRebootBaremetalServersRequest,InitRequest,,,,
BMS,Actions,BmsSetInstanceProfile,bms,UpdateBaremetalServerMetadataRequest,,,,,
BMS,Actions,BmsStart,bms,BatchStartBaremetalServersRequest,InitRequest,,,,
BMS,Actions,BmsStop,bms,BatchStopBaremetalServersRequest,InitRequest,,,,
BMS,Resources,bms,bms,ListBareMetalServersRequest,,,,,
CBR_BACKUP,Actions,CbrDeleteBackup,cbr-backup,DeleteBackupRequest,,,,,
CBR_BACKUP,Resources,cbr-backup,cbr-backup,ListBackupsRequest,,,,,
CBR_PROTECTABLE,Actions,CbrAssociateServerVault,cbr-protectable,ListVaultRequest,ListPoliciesRequest,AddVaultResourceRequest,CreateVaultRequest,,
CBR_PROTECTABLE,Resources,cbr-protectable,cbr-protectable,ListProtectableRequest,,,,,
CBR_VAULT,Actions,CbrAssociateVaultPolicy,cbr-vault,AssociateVaultPolicyRequest,CreatePolicyRequest,,,,
CBR_VAULT,Actions,CbrVaultAddTags,cbr-vault,BatchCreateAndDeleteVaultTagsRequest,,,,,
CBR_VAULT,Actions,CbrVaultEnableWorm,cbr-vault,UpdateVaultRequest,,,,,
CBR_VAULT,Filters,CbrVaultUnassociatedFilter,cbr-vault,ListPoliciesRequest,,,,,
CBR_VAULT,Filters,CbrVaultUnassociatedReplicationFilter,cbr-vault,ListPoliciesRequest,,,,,
CBR_VAULT,Filters,CbrVaultWithoutSpecificTagsFilter,cbr-vault,,,,,,
CBR_VAULT,Filters,CbrVaultWithoutWormFilter,cbr-vault,,,,,,
CBR_VAULT,Resources,cbr-vault,cbr-vault,ListVaultRequest,,,,,
CC,Actions,CloudConnectionDelete,cc-cloud-connection,DeleteCloudConnectionRequest,,,,,
CC,Resources,cc-cloud-connection,cc-cloud-connection,ListCloudConnectionsRequest,,,,,
CCM,Filters,CertificateAuthorityCrlObsBucketFilter,ccm-private-ca,getBucketPublicAccessBlock,,,,,
CCM,Filters,CertificateAuthorityIssuerNameFilter,ccm-private-ca,,,,,,
CCM,Filters,CertificateAuthorityKeyAlgorithmFilter,ccm-private-ca,,,,,,
CCM,Filters,CertificateAuthorityObsBucketPolicyFilter,ccm-private-ca,getBucketPolicy,,,,,
CCM,Filters,CertificateAuthoritySignatureAlgorithmFilter,ccm-private-ca,,,,,,
CCM,Filters,CertificateAuthorityStatusFilter,ccm-private-ca,,,,,,
CCM,Actions,DisableCertificateAuthority,ccm-private-ca,DisableCertificateAuthorityRequest,,,,,
CCM,Filters,PrivateCertificateCreateTimeFilter,ccm-private-certificate,,,,,,
CCM,Filters,PrivateCertificateKeyAlgorithmFilter,ccm-private-certificate,,,,,,
CCM,Filters,PrivateCertificateSignatureAlgorithmFilter,ccm-private-certificate,,,,,,
CCM,Resources,ccm-private-ca,ccm-private-ca,ListCertificateAuthorityRequest ,ListCaTagsRequest,,,,
CCM,Resources,ccm-private-certificate,ccm-private-certificate,ListCertificateRequest ,ListCertTagsRequest,,,,
CDN,Actions,DeleteCdnDomain,cdn-domain,DeleteDomainRequest,,,,,
CDN,Actions,DisableCdnDomain,cdn-domain,DisableDomainRequest,,,,,
CDN,Actions,EnableCdnDomain,cdn-domain,EnableDomainRequest,,,,,
CDN,Filters,UpdateCdnDomainConfig,cdn-domain,UpdateDomainFullConfigRequest,,,,,
CDN,Resources,cdn-domain,cdn-domain,ListDomainsRequest,,,,,
CES,Actions,AlarmUpdateNotification,ces-alarm,ListTopicsRequest,UpdateAlarmNotificationsRequest,,,,
CES,Actions,BatchStartStoppedAlarmRules,ces-alarm,BatchEnableAlarmRulesRequest,,,,,
CES,Actions,CreateKmsEventAlarmRule,ces-alarm,CreateAlarmRulesRequest,,,,,
CES,Actions,CreateObsEventAlarmRule,ces-alarm,CreateAlarmRulesRequest,,,,,
CES,Actions,CreateVpcEventAlarmRule,ces-alarm,CreateAlarmRulesRequest,,,,,
CES,Actions,NotifyBySMN,ces-alarm,PublishMessageRequest,,,,,
CES,Filters,AlarmNameSpaceAndMetricFilter,,,,,,,
CES,Filters,AlarmNotificationFilter,,,,,,,
CES,Filters,AlarmUpdateNotification,ces-alarm,ListTopicsRequest,UpdateAlarmNotificationsRequest,,,,
CES,Resources,ces-alarm,ces-alarm,ListAlarmRulesRequest,,,,,
COC,Actions,NonCompliantAlarm,coc,PublishMessageRequest,,,,,
COC,Resources,coc,coc,ListInstanceCompliantRequest,,,,,
CONFIG,Actions,CreateTrackerAction,config-tracker,CreateTrackerConfigRequest,,,,,
CONFIG,Actions,DeleteTrackerAction,config-tracker,DeleteTrackerConfigRequest,,,,,
CONFIG,Actions,delete-tracker,config-tracker,DeleteTrackerConfigRequest,,,,,
CONFIG,Filters,ConfigCompliance,,ListPolicyAssignmentsRequest,ListPolicyStatesByAssignmentIdRequest,,,,
CONFIG,Filters,ConfigRetentionConfigurations,config-tracker,,,,,,
CONFIG,Resources,config-tracker,config-tracker,ShowTrackerConfigRequest,,,,,
CTS-NOTIFICATION-FUNC,Actions,CtsUpdateNotification,cts-notification-func,UpdateNotificationRequest,,,,,
CTS-NOTIFICATION-FUNC,Resources,cts-notification-func,cts-notification-func,ListNotificationsRequest,,,,,
CTS-NOTIFICATION-SMN,Actions,CtsUpdateNotification,cts-notification-smn,UpdateNotificationRequest,,,,,
CTS-NOTIFICATION-SMN,Resources,cts-notification-smn,cts-notification-smn,ListNotificationsRequest,,,,,
CTS-TRACKER,Filters,CtsDeleteTracker,cts-tracker,DeleteTrackerRequest,,,,,
CTS-TRACKER,Filters,CtsSetTraceFileValidation,cts-tracker,UpdateTrackerRequest,,,,,
CTS-TRACKER,Filters,CtsToggleTracker,cts-tracker,UpdateTrackerRequest,,,,,
CTS-TRACKER,Resources,cts-tracker,cts-tracker,ListTrackersRequest,,,,,
DC,Filters,DCAgeFilter,dc,,,,,,
DC,Filters,VifNotBgpMd5Filter,dc-vif,,,,,,
DC,Resources,dc,dc,ListDirectConnectsRequest,,,,,
DC,Resources,dc-vif,dc-vif,ListVirtualInterfacesRequest,,,,,
DEH,Actions,UpdateDedicatedHost,deh,UpdateDedicatedHostRequest,,,,,
DEH,Resources,deh,deh,ListDedicatedHostsRequest,,,,,
ECS,Actions,AddSecurityGroup,ecs,NovaAssociateSecurityGroupRequest,,,,,
ECS,Actions,DeleteSecurityGroup,ecs,NovaDisassociateSecurityGroupRequest,,,,,
ECS,Filters,EcsInstanceAgeFilter,ecs,,,,,,
ECS,Filters,EcsInstanceUptimeFilter,ecs,,,,,,
ECS,Actions,EcsReboot,ecs,BatchRebootServersRequest,InitRequest,,,,
ECS,Actions,EcsStart,ecs,BatchStartServersRequest,InitRequest,,,,
ECS,Actions,EcsStop,ecs,BatchStopServersRequest,InitRequest,,,,
ECS,Actions,EcsTerminate,ecs,DeleteServersRequest,,,,,
ECS,Actions,FetchJobStatus,ecs,ShowJobRequest,,,,,
ECS,Filters,ImageAgeFilter,ecs,,,,,,
ECS,Actions,InstancUpdateMetadataOptions,ecs,UpdateServerMetadataOptionsRequest,,,,,
ECS,Filters,InstanceAttributeFilter,ecs,,,,,,
ECS,Actions,InstanceDeleteMetadataKey,ecs,DeleteServerMetadataRequest,,,,,
ECS,Filters,InstanceEphemeralFilter,ecs,NovaShowFlavorExtraSpecsRequest,,,,,
ECS,Filters,InstanceEvs,ecs,,,,,,
ECS,Filters,InstanceImageFilter,ecs,,,,,,
ECS,Filters,InstanceImageNotCompliance,ecs,getObject,,,,,
ECS,Filters,InstanceMetadataOptionsToken,ecs,ShowServerMetadataOptionsRequest,,,,,
ECS,Actions,InstanceSnapshot,ecs,ShowVaultRequest,AddVaultResourceRequest,,,,
ECS,Filters,InstanceTag,ecs,,,,,,
ECS,Filters,InstanceUserData,ecs,ShowServerRequest,,,,,
ECS,Actions,InstanceVolumesCorrections,ecs,UpdateServerBlockDeviceRequest,,,,,
ECS,Filters,InstanceVolumesNotCompliance,ecs,,,,,,
ECS,Filters,InstanceVpc,ecs,,,,,,
ECS,Actions,InstanceWholeImage,ecs,CreateWholeImageRequest,ShowJobProgressRequest,,,,
ECS,Actions,Resize,ecs,ResizeServerRequest,,,,,
ECS,Actions,SetInstanceProfile,ecs,UpdateServerMetadataRequest,,,,,
ECS,Resources,ecs,ecs,ListServersDetailsRequest,,,,,
EG,Resources,eg-subscription,eg-subscription,ShowResourceTagRequest,ListSubscriptionsRequest,,,,
EIP,Filters,AssociateInstanceTypeFilter,eip,,,,,,
EIP,Actions,EIPDelete,eip,DisassociatePublicipsRequest,DeletePublicipRequest,,,,
EIP,Actions,EIPDisassociate,eip,DisassociatePublicipsRequest,,,,,
EIP,Filters,eip,eip,ListPublicipsRequest,,,,,
ELB,Actions,ListenerDeleteAction,,DeletePoolCascadeRequest,DeleteListenerRequest,,,,
ELB,Actions,ListenerRedirectAction,,ListListenersRequest,CreateL7PolicyRequest,,,,
ELB,Actions,ListenerSetAclIpgroupAction,,ListIpGroupsRequest,UpdateListenerRequest,,,,
ELB,Actions,LoadbalancerDeleteAction,,DeleteLoadBalancerRequest,,,,,
ELB,Actions,LoadbalancerEnableLoggingAction,,ListLogGroupsRequest,ListLogStreamRequest,,,,
ELB,Actions,LoadbalancerUnbindPublicipsAction,,UpdateLoadBalancerRequest,DisassociatePublicipsRequest,,,,
ELB,Filters,ELBAgeFilter,,,,,,,
ELB,Filters,ELBAttributesFilter,,,,,,,
ELB,Filters,ListenerRedirectListenerFilter,,ListL7PoliciesRequest,ShowListenerRequest,,,,
ELB,Filters,LoadbalancerBackendServerCountFilter,,ListAllMembersRequest,,,,,
ELB,Filters,LoadbalancerIsLTSLogTransferFilter,,ListTransfersRequest,,,,,
ELB,Filters,LoadbalancerIsLoggingFilter,,,,,,,
ELB,Filters,LoadbalancerIsNotLTSLogTransferFilter,,,,,,,
ELB,Filters,LoadbalancerIsNotLoggingFilter,,,,,,,
ELB,Filters,LoadbalancerPublicipCountFilter,,,,,,,
ELB,Resources,elb-listener,elb-listener,ListListenersRequest,,,,,
ELB,Resources,elb-loadbalancer,elb-loadbalancer,ListLoadBalancersRequest,,,,,
ER,Actions,EnterpriseRouterCreate,er,UpdateEnterpriseRouterRequest,,,,,
ER,Resources,er,er,ListEnterpriseRoutersRequest,,,,,
EVS,Actions,CreateBackup,evs-volume,CreateCheckpointRequest,,,,,
EVS,Actions,CreateSnapshot,evs-volume,CreateSnapshotRequest,,,,,
EVS,Filters,EncryptInstanceDataVolumes,evs-volume,ShowServerRequest,DetachServerVolumeRequest,,,,
EVS,Filters,LastBackupCreateExceedSafeTimeVolumes,evs-volume,ListBackupsRequest,,,,,
EVS,Filters,NotProtectedByBackupVolumes,evs-volume,,,,,,
EVS,Filters,VolumeAge,evs-volume,,,,,,
EVS,Filters,VolumeAssociateToVault,evs-volume,AddVaultResourceRequest,,,,,
EVS,Filters,VolumeAssociateToVaultPolicy,evs-volume,AssociateVaultPolicyRequest,,,,,
EVS,Actions,VolumeDelete,evs-volume,DeleteVolumeRequest,,,,,
EVS,Actions,VolumeDetach,evs-volume,DetachServerVolumeRequest,,,,,
EVS,Actions,VolumeExtend,evs-volume,ResizeVolumeRequest,,,,,
EVS,Filters,last-backup-exceed-safe-time-interval,evs-volume,ListBackupsRequest,,,,,
EVS,Resources,evs-volume,evs-volume,ListVolumesRequest,,,,,
EXEMPTED,Filters,ExemptedFilter,,getObject,,,,,
EXEMPTED,Filters,RestrictedFilter,,getObject,,,,,
FunctionGraph,Actions,ModifySecurityGroups,functiongraph,ShowFunctionConfigRequest,,,,,
FunctionGraph,Actions,ShowFunctionConfig,functiongraph,ShowFunctionConfigRequest,,,,,
FunctionGraph,Actions,DeleteFunction,functiongraph,DeleteFunctionRequest,,,,,
FunctionGraph,Filters,FunctionTrigger,functiongraph,ListFunctionTriggersRequest,,,,,
FunctionGraph,Actions,InvokeFunction,functiongraph,AsyncInvokeFunctionRequest,InvokeFunctionRequest,,,,
FunctionGraph,Filters,ReservedConcurrency,functiongraph,ListReservedInstanceConfigsRequest,,,,,
FunctionGraph,Actions,TrimVersions,functiongraph,ListFunctionVersionsRequest,ListVersionAliasesRequest,,,,
FunctionGraph,Actions,UpdateFunctionConfig,functiongraph,UpdateFunctionConfigRequest,ShowFunctionConfigRequest,,,,
FunctionGraph,Actions,UpdateFunctionMaxInstanceConfig,functiongraph,UpdateFunctionMaxInstanceConfigRequest,,,,,
FunctionGraph,Resources,functiongraph,functiongraph,ShowFunctionConfigRequest,ListFunctionsRequest,,,,
HSS,Actions,SetWtpProtectionStatusAction,hss,SetWtpProtectionStatusInfoRequest,,,,,
HSS,Actions,SwitchHostsProtectStatusAction,hss,SwitchHostsProtectStatusRequest,,,,,
HSS,Resources,hss,hss,ListHostStatusRequest,,,,,
IAM,Filters,AllowAllIamPolicies,iam-policy,GetPolicyVersionV5Request,,,,,
IAM,Actions,PolicyDelete,iam-policy,DeletePolicyV5Request,,,,,
IAM,Filters,SetGroup,iam-user,AddUserToGroupV5Request,RemoveUserFromGroupV5Request,,,,
IAM,Filters,SetLoginProtect,iam-user,UpdateLoginProtectRequest,,,,,
IAM,Filters,UnusedIamPolicies,iam-policy,,,,,,
IAM,Filters,UsedIamPolicies,iam-policy,,,,,,
IAM,Filters,UserAccessKey,iam-user,ListAccessKeysV5Request,,,,,
IAM,Actions,UserDelete,iam-user,ListAttachedUserPoliciesV5Request,DetachUserPolicyV5Request,,,,
IAM,Filters,UserLoginProtect,iam-user,ShowUserLoginProtectRequest,,,,,
IAM,Filters,UserMfaDevice,iam-user,ListMfaDevicesV5Request,,,,,
IAM,Filters,UserPolicy,iam-user,ListAttachedUserPoliciesV5Request,,,,,
IAM,Filters,UserRemoveAccessKey,iam-user,UpdateAccessKeyV5Request,DeleteAccessKeyV5Request,,,,
IAM,Resources,iam-policy,iam-policy,ListPoliciesV5Request,,,,,
IAM,Resources,iam-user,iam-user,ListUsersV5Request,,,,,
IMS,Actions,set-permissions,ims,BatchAddMembersRequest,BatchDeleteMembersRequest,,,,
IMS,Filters,CancelLaunchPermissions,ims,BatchUpdateMembersRequest,,,,,
IMS,Actions,Copy,ims,CopyImageInRegionRequest,,,,,
IMS,Actions,Deregister,ims,GlanceDeleteImageRequest,,,,,
IMS,Filters,ImageAge,ims,,,,,,
IMS,Filters,ImageAttribute,ims,,,,,,
IMS,Actions,Job,ims,ShowJobRequest,,,,,
IMS,Filters,SetPermissions,ims,BatchAddMembersRequest,BatchDeleteMembersRequest,,,,
IMS,Resources,ims,ims,ListImagesRequest,,,,,
KAFKA,Actions,DeleteKafka,dms-kafka,DeleteInstanceRequest,,,,,
KAFKA,Filters,KafkaAgeFilter,dms-kafka,,,,,,
KAFKA,Filters,KafkaConfigComplianceFilter,dms-kafka,ShowInstanceConfigsRequest,,,,,
KAFKA,Filters,KafkaSecurityGroupFilter,dms-kafka,,,,,,
KAFKA,Actions,SetKafkaConfig,dms-kafka,ModifyInstanceConfigsRequest,,,,,
KAFKA,Filters,config-compliance,dms-kafka,ShowInstanceConfigsRequest,,,,,
KAFKA,Resources,dms-kafka,dms-kafka,ListInstancesRequest,,,,,
KMS,Actions,createKey,kms,ListAliasesRequest,CreateKeyRequest,CreateAliasRequest,,,
KMS,Actions,disableKey,kms,DisableKeyRequest,,,,,
KMS,Actions,disableRotationKey,kms,DisableKeyRotationRequest,,,,,
KMS,Actions,enableKey,kms,EnableKeyRequest,,,,,
KMS,Filters,instanceDisable,kms,,,,,,
KMS,Actions,rotationKey,kms,EnableKeyRotationRequest,,,,,
KMS,Resources,kms,kms,ListKeysRequest,,,,,
LTS-TRANSFER,Filters,LtsCreateTransferLog,lts-transfer,CreateTransferRequest,,,,,
LTS-TRANSFER,Resources,lts-transfer,lts-transfer,ListTransfersRequest,,,,,
NAT,Actions,NatDnatRuleDelete,nat-dnat-rule,DeleteNatGatewayDnatRuleRequest,,,,,
NAT,Actions,NatGatewayDelete,nat-gateway,DeleteNatGatewayRequest,,,,,
NAT,Actions,NatSnatRuleDelete,nat-snat-rule,DeleteNatGatewaySnatRuleRequest,,,,,
NAT,Resources,nat-dnat-rule,nat-dnat-rule,ListNatGatewayDnatRulesRequest,,,,,
NAT,Resources,nat-gateway,nat-gateway,ListNatGatewaysRequest,,,,,
NAT,Resources,nat-snat-rule,nat-snat-rule,ListNatGatewaySnatRulesRequest,,,,,
OBS,Filters,BucketEncryptionStateFilter,obs,getBucketEncryption,,,,,
OBS,Actions,DeleteGlobalGrants,obs,setBucketAcl,,,,,
OBS,Actions,DeleteWildcardStatement,obs,deleteBucketPolicy,setBucketPolicy,,,,
OBS,Filters,FilterPublicBlock,obs,getBucketPublicAccessBlock,,,,,
OBS,Filters,GlobalGrantsFilter,obs,getBucketAcl,getBucketWebsite,,,,
OBS,Filters,OBSMissingTagFilter,obs,getBucketTagging,,,,,
OBS,Filters,ObsCrossAccountFilter,obs,getBucketPolicy,getBucketAcl,,,,
OBS,Filters,RemoveCrossAccountAccessConfig,obs,deleteBucketPolicy,setBucketPolicy,,,,
OBS,Filters,SecureTransportFilter,obs,getBucketPolicy,,,,,
OBS,Actions,SetBucketEncryption,obs,setBucketEncryption,,,,,
OBS,Filters,SetPolicyStatement,obs,setBucketPolicy,,,,,
OBS,Actions,SetPublicBlock,obs,getBucketPublicAccessBlock,putBucketPublicAccessBlock,,,,
OBS,Filters,WildcardStatementFilter,obs,getBucketPolicy,,,,,
OBS,Resources,obs,obs,listBuckets,,,,,
ORGANIZATIONS,Actions,SetPolicyStatement,org-policy,AttachPolicyRequest,CreatePolicyRequest,,,,
ORGANIZATIONS,Filters,OrgUnitFilter,org-account,ListEntitiesRequest,,,,,
ORGANIZATIONS,Filters,OrganizationUnit,org-account,,,,,,
ORGANIZATIONS,Filters,PolicyFilter,org-account,ListRootsRequest,ListEntitiesRequest,,,,
ORGANIZATIONS,Resources,org-account,org-account,ListAccountsRequest,,,,,
ORGANIZATIONS,Resources,org-policy,org-policy,ListPoliciesRequest,,,,,
RAM,Actions,disassociate,ram-shared-principals,DisassociateResourceShareRequest,,,,,
RAM,Actions,DisassociatedExternalPrincipals,ram-shared-principals,DisassociateResourceShareRequest,,,,,
RAM,Resources,ram-shared-principals,ram-shared-principals,SearchResourceShareAssociationsRequest,,,,,
RDS,Actions,AttachEIPAction,rds,AttachEipRequest,,,,,
RDS,Actions,EnableTDEAction,rds,UpdateTdeStatusRequest,,,,,
RDS,Actions,ModifyPgHbaConfAction,rds,ModifyPostgresqlHbaConfRequest,,,,,
RDS,Actions,SetAuditLogPolicyAction,rds,SetAuditlogPolicyRequest,,,,,
RDS,Actions,SetAutoEnlargePolicyAction,rds,SetAutoEnlargePolicyRequest,,,,,
RDS,Actions,SetBackupPolicyAction,rds,SetBackupPolicyRequest,,,,,
RDS,Actions,SetSecurityGroupAction,rds,SetSecurityGroupRequest,,,,,
RDS,Actions,SwitchSSLAction,rds,SwitchSslRequest,,,,,
RDS,Actions,UpdateInstanceParameterAction,rds,UpdateInstanceConfigurationRequest,,,,,
RDS,Actions,UpdatePortAction,rds,UpdatePortRequest,,,,,
RDS,Actions,UpgradeDBVersionAction,rds,ListDatastoresRequest,UpgradeDbVersionNewRequest,,,,
RDS,Filters,AuditLogDisabledFilter,rds,ShowAuditlogPolicyRequest,,,,,
RDS,Filters,BackupPolicyDisabledFilter,rds,ShowBackupPolicyRequest,,,,,
RDS,Filters,DatabaseVersionFilter,rds,ListDatastoresRequest,,,,,
RDS,Filters,DiskAutoExpansionFilter,rds,ShowAutoEnlargePolicyRequest,,,,,
RDS,Filters,EIPFilter,rds,,,,,,
RDS,Filters,InstanceParameterFilter,rds,ShowInstanceConfigurationRequest,,,,,
RDS,Filters,PostgresqlHbaConfFilter,rds,ListPostgresqlHbaInfoRequest,,,,,
RDS,Filters,RDSListFilter,rds,,,,,,
RDS,Resources,rds,rds,ListInstancesRequest,,,,,
REVISIONS,Filters,Diff,,ShowResourceHistoryRequest,,,,,
ROCKETMQ,Actions,DeleteRocketMQ,dms-rocketmq,DeleteInstanceRequest,,,,,
ROCKETMQ,Filters,RocketMQAgeFilter,dms-rocketmq,,,,,,
ROCKETMQ,Filters,RocketMQSecurityGroupFilter,dms-rocketmq,,,,,,
ROCKETMQ,Resources,dms-rocketmq,dms-rocketmq,ListInstancesRequest,,,,,
SCM,Actions,DeleteCertificateAction,ccm-ssl-certificate,DeleteCertificateRequest,,,,,
SCM,Resources,ccm-ssl-certificate,ccm-ssl-certificate,ListCertificatesRequest ,ListTagsByCertificateRequest,,,,
SECMASTER,Filters,AlertAgeFilter,secmaster-alert,,,,,,
SECMASTER,Filters,AlertSendMsg,secmaster-alert,PublishMessageRequest,,,,,
SECMASTER,Filters,AlertSendMsgWhenResourceNone,secmaster-alert,PublishMessageRequest,,,,,
SECMASTER,Filters,EnablePlaybook,secmaster-playbook,ListPlaybookVersionsRequest,UpdatePlaybookRequest,,,,
SECMASTER,Filters,PlaybookSendMsg,secmaster-playbook,,,,,,
SECMASTER,Filters,SecMasterSendMsg,secmaster,,,,,,
SECMASTER,Filters,WorkspaceSendMsg,secmaster-workspace,PublishMessageRequest,,,,,
SECMASTER,Resources,secmaster,secmaster,ListInstancesRequest,,,,,
SECMASTER,Resources,secmaster-alert,secmaster-alert,ListAlertsRequest,,,,,
SECMASTER,Resources,secmaster-playbook,secmaster-playbook,ListPlaybooksRequest,,,,,
SECMASTER,Resources,secmaster-workspace,secmaster-workspace,ListWorkspacesRequest,,,,,
SFSTURBO,Filters,AssociateBackupPolicyToSfsTurbo,sfsturbo,AddVaultResourceRequest,,,,,
SFSTURBO,Filters,LastBackupCreateExceedSafeTimeSfsTurbo,sfsturbo,ListBackupsRequest,,,,,
SFSTURBO,Filters,NotProtectedByBackupSfsturbo,sfsturbo,ListVaultRequest,,,,,
SFSTURBO,Filters,SfsTurboAssociateToVaultPolicy,sfsturbo,ListVaultRequest,AssociateVaultPolicyRequest,,,,
SFSTURBO,Actions,SfsTurboDelete,sfsturbo,DeleteShareRequest,,,,,
SFSTURBO,Resources,sfsturbo,sfsturbo,ListSharesRequest,,,,,
SMN,Actions,NotifyMessageAction,,,,,,,
SMN,Actions,NotifyMessageStructureAction,,,,,,,
SMN,Actions,NotifyMessageTemplateAction,,,,,,,
SMN,Filters,TopicAccessFilter,smn-topic,ListTopicAttributesRequest,,,,,
SMN,Filters,TopicCreateLts,smn-topic,CreateLogtankRequest,,,,,
SMN,Actions,TopicDelete,smn-topic,DeleteTopicRequest,,,,,
SMN,Filters,TopicDeleteAccessPolicy,smn-topic,DeleteTopicAttributesRequest,,,,,
SMN,Filters,TopicDeleteAllowAllUserAccessPolicy,smn-topic,ListTopicAttributesRequest,UpdateTopicAttributeRequest,,,,
SMN,Filters,TopicDeleteLts,smn-topic,ListLogtankRequest,DeleteLogtankRequest,,,,
SMN,Filters,TopicLtsFilter,smn-topic,ListLogtankRequest,,,,,
SMN,Filters,TopicTagFilter,smn-topic,ListResourceTagsRequest,,,,,
SMN,Filters,TopicUpdateAccessPolicy,smn-topic,UpdateTopicAttributeRequest,,,,,
SMN,Resources,smn-topic,smn-topic,ListTopicsRequest,,,,,
STREAM,Filters,LtsDisableStreamStorage,lts-stream,UpdateLogStreamRequest,,,,,
STREAM,Filters,LtsStreamStorageEnabledFilter,,,,,,,
STREAM,Filters,LtsStreamStorageEnabledFilterForSchedule,,ListLogStreamRequest,,,,,
STREAM,Resources,lts-stream,lts-stream,ListLogGroupsRequest,ListLogStreamRequest,,,,
SWR,Filters,LifecycleRule,swr,ListRetentionsRequest,,,,,
SWR,Filters,SetLifecycle,swr,CreateRetentionRequest,,,,,
SWR,Filters,SwrAgeFilter,swr,,,,,,
SWR,Filters,SwrImageAgeFilter,swr-image,,,,,,
SWR,Resources,swr,swr,ListReposDetailsRequest,,,,,
SWR,Resources,swr-image,swr-image,ListRepositoryTagsRequest,,,,,
TMS,Actions,CreateResourceTagAction,,CreateResourceTagRequest,KeystoneListProjectsRequest,,,,
TMS,Actions,CreateResourceTagDelayedAction,,CreateResourceTagRequest,KeystoneListProjectsRequest,,,,
TMS,Actions,DeleteResourceTagAction,,DeleteResourceTagRequest,KeystoneListProjectsRequest,,,,
TMS,Actions,NormalizeResourceTagAction,,DeleteResourceTagRequest,CreateResourceTagRequest,,,,
TMS,Actions,RenameResourceTagAction,,DeleteResourceTagRequest,CreateResourceTagRequest,,,,
TMS,Actions,TrimResourceTagAction,,DeleteResourceTagRequest,KeystoneListProjectsRequest,,,,
TMS,Filters,TagActionFilter,,,,,,,
TMS,Filters,TagCountFilter,,,,,,,
TRANSFER,Filters,LtsCreateTransferLog,lts-transfer,CreateTransferRequest,,,,,
TRANSFER,Filters,LtsTransferLogGroupStreamFilter,,,,,,,
TRANSFER,Resources,lts-transfer,lts-transfer,ListTransfersRequest,,,,,
VPC,Filters,DefaultVpcBase,,ListVpcsRequest,,,,,
VPC,Filters,NetworkLocation,,,,,,,
VPC,Filters,PeeringCrossAccount,vpc-peering,,,,,,
VPC,Actions,PeeringDelete,vpc-peering,DeleteVpcPeeringRequest,,,,,
VPC,Filters,PeeringMissingRoute,vpc-peering,ListRouteTablesRequest,ShowRouteTableRequest,,,,
VPC,Filters,PortDisablePortForwarding,vpc-port,UpdatePortRequest,,,,,
VPC,Filters,PortForwarding,vpc-port,,,,,,
VPC,Filters,RemoveSecurityGroupRules,vpc-security-group-rule,ListSecurityGroupRulesRequest,DeleteSecurityGroupRuleRequest,,,,
VPC,Actions,SecurityGroupDelete,vpc-security-group,DeleteSecurityGroupRequest,,,,,
VPC,Filters,SecurityGroupFilter,,,,,,,
VPC,Filters,SecurityGroupRuleAllowRiskPort,vpc-security-group-rule,getObject,ListSecurityGroupRulesRequest,,,,
VPC,Actions,SecurityGroupRuleDelete,vpc-security-group-rule,DeleteSecurityGroupRuleRequest,,,,,
VPC,Filters,SecurityGroupRuleDenyRiskPorts,vpc-security-group-rule,BatchCreateSecurityGroupRulesRequest,,,,,
VPC,Filters,SecurityGroupRuleEgress,vpc-security-group-rule,,,,,,
VPC,Filters,SecurityGroupRuleFilter,vpc-security-group-rule,ListSecurityGroupsRequest,,,,,
VPC,Filters,SecurityGroupRuleIngress,vpc-security-group-rule,,,,,,
VPC,Filters,SecurityGroupUnAttached,vpc-security-group,ListPortsRequest,,,,,
VPC,Filters,SecurityGroupWithoutSpecificTags,vpc-security-group,,,,,,
VPC,Filters,SetFlowLog,vpc-flow-log,UpdateFlowLogRequest,DeleteFlowLogRequest,,,,
VPC,Filters,SetSecurityGroupRules,vpc-security-group-rule,BatchCreateSecurityGroupRulesRequest,DeleteSecurityGroupRuleRequest,,,,
VPC,Filters,SubnetFilter,,,,,,,
VPC,Filters,VpcFilter,,,,,,,
VPC,Resources,vpc,vpc,ListVpcsRequest,,,,,
VPC,Resources,vpc-flow-log,vpc-flow-log,ListFlowLogsRequest,,,,,
VPC,Resources,vpc-peering,vpc-peering,ListVpcPeeringsRequest,,,,,
VPC,Resources,vpc-port,vpc-port,ListPortsRequest,,,,,
VPC,Resources,vpc-security-group,vpc-security-group,ListSecurityGroupsRequest,,,,,
VPC,Resources,vpc-security-group-rule,vpc-security-group-rule,ListSecurityGroupRulesRequest,,,,,
VPCEP,Actions,VpcEndpointSendMsg,vpcep-ep,PublishMessageRequest,,,,,
VPCEP,Filters,VpcEndpointServiceAndVpcFilter,vpcep-ep,,,,,,
VPCEP,Resources,vpcep-ep,vpcep-ep,ListEndpointsRequest,,,,,
WORKSPACE,Actions,delete,workspace-desktop,BatchDeleteDesktopsRequest,,,,,
WORKSPACE,Filters,ConnectionStatusFilter,workspace-desktop,,,,,,
WORKSPACE,Actions,DeleteWorkspace,workspace-desktop,BatchDeleteDesktopsRequest,,,,,
WORKSPACE,Resources,workspace-desktop,workspace-desktop,ListDesktopsDetailRequest,,,,,
